{
  "version": 1,
  "author": "Shashwat Shukla",
  "editor": "wokwi",
  "parts": [
    {
      "type": "wokwi-arduino-uno",
      "id": "uno",
      "top": -3,
      "left": 116.6,
      "rotate": 90,
      "attrs": {}
    },
    {
      "type": "wokwi-ds1307",
      "id": "rtc1",
      "top": 13.8,
      "left": -28.7,
      "rotate": 270,
      "attrs": {}
    }
  ],
  "connections": [
    [ "rtc1:5V", "uno:5V", "red", [ "v0" ] ],
    [ "rtc1:GND", "uno:GND.2", "black", [ "v0" ] ],
    [ "rtc1:SDA", "uno:A4", "green", [ "v0" ] ],
    [ "rtc1:SCL", "uno:A5", "blue", [ "v0" ] ]
  ],
  "dependencies": {}
}